1 + 4 * 30030,
17,
19,
23,
29,
31,
37,
41,
43,
47,
53,
59,
61,
67,
71,
73,
79,
83,
89,
97,
101,
103,
107,
109,
113,
127,
131,
137,
139,
149,
151,
157,
163,
167,
173,
179,
181,
191,
193,
197,
199,
211,
223,
227,
229,
233,
239,
241,
251,
257,
263,
269,
271,
277,
281,
283,
289 + 30030,
293,
307,
311,
313,
317,
323 + 2 * 30030,
331,
337,
347,
349,
353,
359,
361 + 30030,
367,
373,
379,
383,
389,
391 + 3 * 30030,
397,
401,
409,
419,
421,
431,
433,
437 + 30030,
439,
443,
449,
457,
461,
463,
467,
479,
487,
491,
493 + 3 * 30030,
499,
503,
509,
521,
523,
527 + 30030,
529 + 30030,
541,
547,
551 + 2 * 30030,
557,
563,
569,
571,
577,
587,
589 + 2 * 30030,
593,
599,
601,
607,
613,
617,
619,
629 + 2 * 30030,
631,
641,
643,
647,
653,
659,
661,
667 + 30030,
673,
677,
683,
691,
697 + 30030,
701,
703 + 2 * 30030,
709,
713 + 2 * 30030,
719,
727,
731 + 3 * 30030,
733,
739,
743,
751,
757,
761,
769,
773,
779 + 30030,
787,
797,
799 + 30030,
809,
811,
817 + 3 * 30030,
821,
823,
827,
829,
839,
841 + 30030,
851 + 30030,
853,
857,
859,
863,
877,
881,
883,
887,
893 + 2 * 30030,
899 + 3 * 30030,
901 + 30030,
907,
911,
919,
929,
937,
941,
943 + 3 * 30030,
947,
953,
961 + 4 * 30030,
967,
971,
977,
983,
989 + 30030,
991,
997,
1003 + 30030,
1007 + 3 * 30030,
1009,
1013,
1019,
1021,
1031,
1033,
1037 + 3 * 30030,
1039,
1049,
1051,
1061,
1063,
1069,
1073 + 3 * 30030,
1081 + 2 * 30030,
1087,
1091,
1093,
1097,
1103,
1109,
1117,
1121 + 30030,
1123,
1129,
1139 + 3 * 30030,
1147 + 30030,
1151,
1153,
1159 + 30030,
1163,
1171,
1181,
1187,
1189 + 30030,
1193,
1201,
1207 + 30030,
1213,
1217,
1219 + 30030,
1223,
1229,
1231,
1237,
1241 + 30030,
1247 + 30030,
1249,
1259,
1271 + 2 * 30030,
1273 + 2 * 30030,
1277,
1279,
1283,
1289,
1291,
1297,
1301,
1303,
1307,
1319,
1321,
1327,
1333 + 3 * 30030,
1343 + 2 * 30030,
1349 + 30030,
1357 + 30030,
1361,
1363 + 30030,
1367,
1369 + 3 * 30030,
1373,
1381,
1387 + 4 * 30030,
1399,
1403 + 2 * 30030,
1409,
1411 + 2 * 30030,
1423,
1427,
1429,
1433,
1439,
1447,
1451,
1453,
1457 + 4 * 30030,
1459,
1471,
1481,
1483,
1487,
1489,
1493,
1499,
1501 + 30030,
1511,
1513 + 30030,
1517 + 30030,
1523,
1531,
1537 + 30030,
1541 + 3 * 30030,
1543,
1549,
1553,
1559,
1567,
1571,
1577 + 30030,
1579,
1583,
1591 + 2 * 30030,
1597,
1601,
1607,
1609,
1613,
1619,
1621,
1627,
1633 + 30030,
1637,
1643 + 2 * 30030,
1649 + 5 * 30030,
1657,
1663,
1667,
1669,
1679 + 7 * 30030,
1681 + 3 * 30030,
1691 + 30030,
1693,
1697,
1699,
1709,
1711 + 30030,
1717 + 3 * 30030,
1721,
1723,
1733,
1739 + 30030,
1741,
1747,
1751 + 3 * 30030,
1753,
1759,
1763 + 30030,
1769 + 30030,
1777,
1783,
1787,
1789,
1801,
1811,
1817 + 30030,
1819 + 30030,
1823,
1829 + 30030,
1831,
1843 + 30030,
1847,
1849 + 2 * 30030,
1853 + 30030,
1861,
1867,
1871,
1873,
1877,
1879,
1889,
1891 + 4 * 30030,
1901,
1907,
1909 + 4 * 30030,
1913,
1919 + 2 * 30030,
1921 + 2 * 30030,
1927 + 30030,
1931,
1933,
1943 + 30030,
1949,
1951,
1957 + 2 * 30030,
1961 + 30030,
1973,
1979,
1987,
1993,
1997,
1999,
2003,
2011,
2017,
2021 + 30030,
2027,
2029,
2033 + 30030,
2039,
2047 + 30030,
2053,
2059 + 30030,
2063,
2069,
2071 + 2 * 30030,
2077 + 2 * 30030,
2081,
2083,
2087,
2089,
2099,
2111,
2113,
2117 + 5 * 30030,
2129,
2131,
2137,
2141,
2143,
2147 + 2 * 30030,
2153,
2159 + 30030,
2161,
2173 + 30030,
2179,
2183 + 30030,
2201 + 4 * 30030,
2203,
2207,
2209 + 6 * 30030,
2213,
2221,
2227 + 30030,
2231 + 30030,
2237,
2239,
2243,
2251,
2257 + 3 * 30030,
2263 + 2 * 30030,
2267,
2269,
2273,
2279 + 30030,
2281,
2287,
2291 + 30030,
2293,
2297,
2309,
2311,
2323 + 30030,
2329 + 30030,
2333,
2339,
2341,
2347,
2351,
2357,
2363 + 2 * 30030,
2369 + 3 * 30030,
2371,
2377,
2381,
2383,
2389,
2393,
2399,
2407 + 2 * 30030,
2411,
2413 + 30030,
2417,
2419 + 6 * 30030,
2423,
2437,
2441,
2447,
2449 + 30030,
2459,
2461 + 30030,
2467,
2473,
2477,
2479 + 2 * 30030,
2489 + 2 * 30030,
2491 + 3 * 30030,
2501 + 30030,
2503,
2507 + 30030,
2521,
2531,
2533 + 30030,
2537 + 2 * 30030,
2539,
2543,
2549,
2551,
2557,
2567 + 2 * 30030,
2573 + 30030,
2579,
2581 + 30030,
2591,
2593,
2599 + 2 * 30030,
2603 + 30030,
2609,
2617,
2621,
2623 + 30030,
2627 + 2 * 30030,
2633,
2641 + 2 * 30030,
2647,
2657,
2659,
2663,
2669 + 4 * 30030,
2671,
2677,
2683,
2687,
2689,
2693,
2699,
2701 + 2 * 30030,
2707,
2711,
2713,
2719,
2729,
2731,
2741,
2747 + 4 * 30030,
2749,
2753,
2759 + 30030,
2767,
2771 + 30030,
2773 + 30030,
2777,
2789,
2791,
2797,
2801,
2803,
2809 + 30030,
2813 + 30030,
2819,
2831 + 3 * 30030,
2833,
2837,
2839 + 30030,
2843,
2851,
2857,
2861,
2867 + 2 * 30030,
2869 + 2 * 30030,
2879,
2881 + 30030,
2887,
2897,
2903,
2909,
2911 + 30030,
2917,
2921 + 2 * 30030,
2923 + 2 * 30030,
2927,
2929 + 2 * 30030,
2939,
2941 + 30030,
2953,
2957,
2963,
2969,
2971,
2983 + 30030,
2987 + 3 * 30030,
2993 + 30030,
2999,
3001,
3007 + 30030,
3011,
3013 + 2 * 30030,
3019,
3023,
3037,
3041,
3043 + 30030,
3049,
3053 + 30030,
3061,
3067,
3071 + 2 * 30030,
3077 + 30030,
3079,
3083,
3089,
3097 + 3 * 30030,
3103 + 6 * 30030,
3109,
3119,
3121,
3127 + 5 * 30030,
3131 + 30030,
3137,
3139 + 2 * 30030,
3149 + 30030,
3151 + 30030,
3161 + 30030,
3163,
3167,
3169,
3173 + 30030,
3181,
3187,
3191,
3193 + 30030,
3197 + 3 * 30030,
3203,
3209,
3217,
3221,
3229,
3233 + 3 * 30030,
3239 + 2 * 30030,
3247 + 3 * 30030,
3251,
3253,
3257,
3259,
3271,
3277 + 2 * 30030,
3281 + 30030,
3287 + 30030,
3293 + 2 * 30030,
3299,
3301,
3307,
3313,
3317 + 30030,
3319,
3323,
3329,
3331,
3337 + 2 * 30030,
3343,
3347,
3349 + 2 * 30030,
3359,
3361,
3371,
3373,
3379 + 30030,
3383 + 30030,
3389,
3391,
3397 + 30030,
3401 + 3 * 30030,
3403 + 2 * 30030,
3407,
3413,
3427 + 30030,
3431 + 30030,
3433,
3439 + 30030,
3449,
3457,
3461,
3463,
3467,
3469,
3473 + 30030,
3481 + 2 * 30030,
3491,
3499,
3503 + 30030,
3511,
3517,
3527,
3529,
3533,
3539,
3541,
3547,
3551 + 30030,
3557,
3559,
3569 + 30030,
3571,
3581,
3583,
3587 + 30030,
3589 + 30030,
3593,
3599 + 30030,
3607,
3611 + 30030,
3613,
3617,
3623,
3629 + 2 * 30030,
3631,
3637,
3643,
3649 + 30030,
3659,
3667 + 2 * 30030,
3671,
3673,
3677,
3683 + 30030,
3691,
3697,
3701,
3709,
3713 + 2 * 30030,
3719,
3721 + 30030,
3727,
3733,
3737 + 30030,
3739,
3743 + 30030,
3749 + 2 * 30030,
3761,
3763 + 2 * 30030,
3767,
3769,
3779,
3781 + 30030,
3791 + 4 * 30030,
3793,
3797,
3799 + 30030,
3803,
3811 + 3 * 30030,
3821,
3823,
3827 + 30030,
3833,
3841 + 30030,
3847,
3851,
3853,
3859 + 30030,
3863,
3869 + 2 * 30030,
3877,
3881,
3889,
3893 + 30030,
3901 + 30030,
3907,
3911,
3917,
3919,
3923,
3929,
3931,
3937 + 30030,
3943,
3947,
3953 + 2 * 30030,
3959 + 2 * 30030,
3961 + 5 * 30030,
3967,
3973 + 2 * 30030,
3977 + 2 * 30030,
3979 + 7 * 30030,
3989,
4001,
4003,
4007,
4009 + 30030,
4013,
4019,
4021,
4027,
4031 + 30030,
4033 + 4 * 30030,
4049,
4051,
4057,
4061 + 3 * 30030,
4063 + 2 * 30030,
4073,
4079,
4087 + 7 * 30030,
4091,
4093,
4097 + 30030,
4099,
4111,
4117 + 30030,
4127,
4129,
4133,
4139,
4141 + 30030,
4153,
4157,
4159,
4163 + 2 * 30030,
4171 + 2 * 30030,
4177,
4181 + 30030,
4183 + 30030,
4187 + 30030,
4189 + 4 * 30030,
4201,
4211,
4217,
4219,
4223 + 30030,
4229,
4231,
4237 + 30030,
4241,
4243,
4247 + 4 * 30030,
4253,
4259,
4261,
4267 + 30030,
4271,
4273,
4283,
4289,
4297,
4307 + 30030,
4309 + 3 * 30030,
4313 + 2 * 30030,
4321 + 30030,
4327,
4331 + 30030,
4337,
4339,
4343 + 2 * 30030,
4349,
4351 + 30030,
4357,
4363,
4369 + 4 * 30030,
4373,
4379 + 2 * 30030,
4387 + 3 * 30030,
4391,
4393 + 2 * 30030,
4397,
4399 + 30030,
4409,
4421,
4423,
4427 + 30030,
4429 + 2 * 30030,
4439 + 30030,
4441,
4447,
4451,
4453 + 30030,
4457,
4463,
4469 + 30030,
4471 + 30030,
4481,
4483,
4489 + 30030,
4493,
4507,
4513,
4517,
4519,
4523,
4531 + 2 * 30030,
4541 + 2 * 30030,
4547,
4549,
4553 + 30030,
4559 + 30030,
4561,
4567,
4573 + 30030,
4577 + 30030,
4579 + 4 * 30030,
4583,
4591,
4597,
4601 + 30030,
4603,
4607 + 2 * 30030,
4619 + 30030,
4621,
4633 + 2 * 30030,
4637,
4639,
4643,
4649,
4651,
4657,
4661 + 4 * 30030,
4663,
4673,
4679,
4681 + 3 * 30030,
4687 + 2 * 30030,
4691,
4699 + 30030,
4703,
4709 + 30030,
4717 + 30030,
4721,
4723,
4727 + 30030,
4729,
4733,
4747 + 3 * 30030,
4751,
4757 + 2 * 30030,
4759,
4769 + 6 * 30030,
4777 + 30030,
4783,
4787,
4789,
4793,
4799,
4801,
4811 + 30030,
4813,
4817,
4819 + 30030,
4831,
4841 + 30030,
4843 + 3 * 30030,
4847 + 30030,
4853 + 30030,
4859 + 2 * 30030,
4861,
4867 + 30030,
4871,
4877,
4883 + 30030,
4889,
4891 + 2 * 30030,
4897 + 4 * 30030,
4903,
4909,
4913 + 3 * 30030,
4919,
4931,
4933,
4937,
4943,
4951,
4957,
4967,
4969,
4973,
4981 + 3 * 30030,
4987,
4993,
4997 + 30030,
4999,
5003,
5009,
5011,
5017 + 3 * 30030,
5021,
5023,
5029 + 30030,
5039,
5041 + 2 * 30030,
5051,
5053 + 30030,
5059,
5063 + 2 * 30030,
5069 + 30030,
5077,
5081,
5087,
5099,
5101,
5107,
5111 + 30030,
5113,
5119,
5123 + 30030,
5129 + 30030,
5141 + 30030,
5143 + 2 * 30030,
5147,
5149 + 3 * 30030,
5153,
5167,
5171,
5177 + 3 * 30030,
5179,
5183 + 3 * 30030,
5189,
5191 + 30030,
5197,
5207 + 2 * 30030,
5209,
5219 + 4 * 30030,
5221 + 30030,
5227,
5231,
5233,
5237,
5249 + 30030,
5251 + 30030,
5261,
5263 + 2 * 30030,
5267 + 2 * 30030,
5273,
5279,
5281,
5287 + 30030,
5293 + 30030,
5297,
5303,
5309,
5311 + 2 * 30030,
5321 + 2 * 30030,
5323,
5329 + 3 * 30030,
5333,
5339 + 3 * 30030,
5347,
5351,
5353 + 2 * 30030,
5359 + 2 * 30030,
5363 + 30030,
5371 + 30030,
5377 + 30030,
5381,
5387,
5389 + 30030,
5393,
5399,
5407,
5413,
5417,
5419,
5429 + 5 * 30030,
5431,
5437,
5441,
5443,
5449,
5459 + 2 * 30030,
5461 + 30030,
5471,
5477,
5479,
5483,
5491 + 30030,
5497 + 30030,
5501,
5503,
5507,
5513 + 30030,
5519,
5521,
5527,
5531,
5539 + 30030,
5543 + 30030,
5549 + 2 * 30030,
5557,
5561 + 30030,
5563,
5567 + 30030,
5569,
5573,
5581,
5587 + 30030,
5591,
5597 + 2 * 30030,
5609 + 6 * 30030,
5611 + 3 * 30030,
5617 + 2 * 30030,
5623,
5627 + 2 * 30030,
5633 + 3 * 30030,
5639,
5641,
5647,
5651,
5653,
5657,
5659,
5669,
5671 + 2 * 30030,
5683,
5689,
5693,
5699 + 30030,
5701,
5711,
5713 + 3 * 30030,
5717,
5723 + 30030,
5729 + 30030,
5737,
5741,
5743,
5749,
5767 + 30030,
5771 + 30030,
5773 + 30030,
5777 + 2 * 30030,
5779,
5783,
5791,
5801,
5807,
5809 + 30030,
5813,
5821,
5827,
5833 + 30030,
5839,
5843,
5849,
5851,
5857,
5861,
5867,
5869,
5879,
5881,
5891 + 2 * 30030,
5893 + 30030,
5897,
5899 + 3 * 30030,
5903,
5909 + 5 * 30030,
5911 + 3 * 30030,
5917 + 4 * 30030,
5921 + 30030,
5923,
5927,
5933 + 30030,
5939,
5947 + 30030,
5953,
5959 + 4 * 30030,
5963 + 30030,
5969 + 30030,
5977 + 30030,
5981,
5983 + 30030,
5987,
5989 + 3 * 30030,
6001 + 5 * 30030,
6007,
6011,
6023 + 2 * 30030,
6029,
6031 + 30030,
6037,
6043,
6047,
6049 + 2 * 30030,
6053,
6059 + 3 * 30030,
6067,
6073,
6077 + 30030,
6079,
6089,
6091,
6101,
6103 + 4 * 30030,
6107 + 30030,
6109 + 2 * 30030,
6113,
6119 + 2 * 30030,
6121,
6131,
6133,
6137 + 4 * 30030,
6143,
6151,
6157 + 30030,
6161 + 30030,
6163,
6169 + 3 * 30030,
6173,
6179 + 30030,
6187 + 30030,
6191 + 3 * 30030,
6197,
6199,
6203,
6211,
6217,
6221,
6229,
6233 + 30030,
6239 + 30030,
6241 + 2 * 30030,
6247,
6257,
6263,
6269,
6271,
6277,
6283 + 30030,
6287,
6289 + 30030,
6299,
6301,
6311,
6313 + 30030,
6317,
6319 + 9 * 30030,
6323,
6329,
6337,
6341 + 3 * 30030,
6343,
6353,
6359,
6361,
6367,
6371 + 2 * 30030,
6373,
6379,
6389,
6397,
6401 + 6 * 30030,
6403 + 30030,
6407 + 2 * 30030,
6421,
6427,
6431 + 2 * 30030,
6437 + 30030,
6439 + 30030,
6443 + 30030,
6449,
6451,
6463 + 30030,
6467 + 30030,
6469,
6473,
6481,
6491,
6493 + 30030,
6497 + 30030,
6499 + 30030,
6509 + 2 * 30030,
6511 + 30030,
6521,
6527 + 2 * 30030,
6529,
6533 + 30030,
6541 + 30030,
6547,
6551,
6553,
6557 + 30030,
6563,
6569,
6571,
6577,
6581,
6583 + 2 * 30030,
6593 + 2 * 30030,
6599,
6607,
6613 + 30030,
6619,
6623 + 30030,
6631 + 4 * 30030,
6637,
6641 + 30030,
6647 + 30030,
6649 + 3 * 30030,
6653,
6659,
6661,
6667 + 30030,
6673,
6679,
6683 + 30030,
6689,
6691,
6697 + 3 * 30030,
6701,
6703,
6707 + 3 * 30030,
6709,
6719,
6731 + 30030,
6733,
6737,
6739 + 4 * 30030,
6749 + 30030,
6751 + 30030,
6757 + 30030,
6761,
6763,
6767 + 3 * 30030,
6779,
6781,
6791,
6793,
6803,
6817 + 30030,
6821 + 3 * 30030,
6823,
6827,
6829,
6833,
6841,
6847 + 30030,
6857,
6859 + 2 * 30030,
6863,
6869,
6871,
6883,
6887 + 2 * 30030,
6889 + 30030,
6893 + 30030,
6899,
6901 + 30030,
6907,
6911,
6913 + 30030,
6917,
6931 + 3 * 30030,
6943 + 30030,
6947,
6949,
6953 + 5 * 30030,
6959,
6961,
6967,
6971,
6973 + 30030,
6977,
6983,
6989 + 30030,
6991,
6997,
7001,
7003 + 4 * 30030,
7009 + 30030,
7013,
7019,
7027,
7031 + 30030,
7037 + 3 * 30030,
7039,
7043,
7057,
7061 + 2 * 30030,
7067 + 30030,
7069,
7079,
7081 + 2 * 30030,
7087 + 30030,
7093 + 30030,
7097 + 2 * 30030,
7099 + 4 * 30030,
7103,
7109,
7121,
7123 + 3 * 30030,
7127,
7129,
7141 + 30030,
7151,
7153 + 2 * 30030,
7157 + 2 * 30030,
7159,
7169 + 30030,
7171 + 30030,
7177,
7181 + 4 * 30030,
7187,
7193,
7199 + 5 * 30030,
7201 + 2 * 30030,
7207,
7211,
7213,
7219,
7223 + 30030,
7229,
7237,
7243,
7247,
7253,
7261 + 5 * 30030,
7277 + 30030,
7279 + 30030,
7283,
7289 + 2 * 30030,
7291 + 30030,
7297,
7303 + 4 * 30030,
7307,
7309,
7313 + 8 * 30030,
7321,
7327 + 30030,
7331,
7333,
7339 + 30030,
7349,
7351,
7361 + 2 * 30030,
7363 + 3 * 30030,
7367 + 30030,
7369,
7373 + 2 * 30030,
7379 + 30030,
7387 + 2 * 30030,
7391 + 10 * 30030,
7393,
7409 + 3 * 30030,
7411,
7417,
7421 + 2 * 30030,
7429 + 2 * 30030,
7433,
7439 + 2 * 30030,
7451,
7453 + 30030,
7457,
7459,
7463 + 30030,
7471 + 30030,
7477,
7481,
7487,
7489,
7493 + 3 * 30030,
7499,
7507,
7517,
7519 + 30030,
7523,
7529,
7531 + 30030,
7537,
7541,
7543 + 30030,
7547,
7549,
7559,
7561,
7571 + 2 * 30030,
7573,
7577,
7583,
7589,
7591,
7597 + 3 * 30030,
7603,
7607,
7613 + 30030,
7619 + 30030,
7621,
7627 + 30030,
7633 + 30030,
7639,
7643,
7649,
7661 + 30030,
7663 + 30030,
7669,
7673,
7681,
7687,
7691,
7697 + 2 * 30030,
7699,
7703,
7717,
7723,
7727,
7729 + 2 * 30030,
7739 + 3 * 30030,
7741,
7747 + 2 * 30030,
7751 + 30030,
7753,
7757,
7759,
7769 + 30030,
7771 + 3 * 30030,
7781 + 30030,
7783 + 30030,
7789,
7793,
7801 + 30030,
7807 + 2 * 30030,
7811 + 4 * 30030,
7817,
7823,
7829,
7831 + 30030,
7837 + 3 * 30030,
7841,
7849 + 30030,
7853,
7859 + 30030,
7867,
7871 + 2 * 30030,
7873,
7877,
7879,
7883,
7897 + 2 * 30030,
7901,
7907,
7913 + 4 * 30030,
7919,
7921 + 30030,
7927,
7933,
7937,
7939 + 7 * 30030,
7949,
7951,
7957 + 30030,
7961 + 30030,
7963,
7967 + 30030,
7979 + 4 * 30030,
7981 + 30030,
7991 + 3 * 30030,
7993,
7999 + 2 * 30030,
8003 + 7 * 30030,
8009,
8011,
8017,
8023 + 30030,
8027 + 2 * 30030,
8033 + 3 * 30030,
8039,
8051 + 2 * 30030,
8053,
8059,
8069,
8077 + 5 * 30030,
8081,
8083 + 30030,
8087,
8089,
8093,
8101,
8111,
8117,
8119 + 30030,
8123,
8131 + 3 * 30030,
8137 + 30030,
8143 + 5 * 30030,
8147,
8149 + 2 * 30030,
8153 + 30030,
8159 + 30030,
8161,
8167,
8171,
8179,
8189 + 30030,
8191,
8201 + 30030,
8207 + 30030,
8209,
8213 + 5 * 30030,
8219,
8221,
8227 + 3 * 30030,
8231,
8233,
8237,
8243,
8249 + 7 * 30030,
8251 + 30030,
8257 + 30030,
8263,
8269,
8273,
8279 + 3 * 30030,
8287,
8291,
8293,
8297,
8299 + 30030,
8303 + 30030,
8311,
8317,
8321 + 30030,
8329,
8339 + 2 * 30030,
8341 + 30030,
8347 + 30030,
8353,
8357 + 4 * 30030,
8363,
8369,
8377,
8381 + 7 * 30030,
8383 + 2 * 30030,
8387,
8389,
8399 + 4 * 30030,
8401 + 30030,
8413 + 2 * 30030,
8417 + 30030,
8419,
8423,
8429,
8431,
8441 + 2 * 30030,
8443,
8447,
8453 + 3 * 30030,
8461,
8467,
8471 + 30030,
8473 + 3 * 30030,
8479 + 2 * 30030,
8483 + 2 * 30030,
8497 + 5 * 30030,
8501,
8507 + 2 * 30030,
8509 + 4 * 30030,
8513,
8521,
8527,
8531 + 30030,
8537,
8539,
8543,
8549 + 3 * 30030,
8551 + 2 * 30030,
8557 + 4 * 30030,
8563,
8573,
8579 + 30030,
8581,
8587 + 6 * 30030,
8597,
8599,
8609,
8611 + 5 * 30030,
8621 + 30030,
8623,
8627,
8629,
8633 + 7 * 30030,
8639 + 30030,
8641,
8647,
8651 + 2 * 30030,
8653 + 2 * 30030,
8663,
8669,
8677,
8681,
8683 + 30030,
8689,
8693,
8699,
8707,
8711 + 2 * 30030,
8713,
8717 + 30030,
8719,
8731,
8737,
8741,
8747,
8753,
8759 + 2 * 30030,
8761,
8773 + 30030,
8777 + 3 * 30030,
8779,
8783,
8791 + 30030,
8797 + 3 * 30030,
8803,
8807,
8809 + 30030,
8819,
8821,
8831,
8837,
8839,
8843 + 30030,
8849,
8851 + 4 * 30030,
8857 + 2 * 30030,
8861,
8863,
8867,
8873 + 30030,
8881 + 4 * 30030,
8887,
8891 + 30030,
8893,
8903 + 30030,
8909 + 3 * 30030,
8917 + 4 * 30030,
8923,
8927 + 3 * 30030,
8929,
8933,
8941,
8947 + 30030,
8951,
8959 + 2 * 30030,
8963,
8969,
8971,
8977 + 4 * 30030,
8989 + 30030,
8993 + 30030,
8999,
9001,
9007,
9011,
9013,
9017 + 30030,
9019 + 3 * 30030,
9029,
9041,
9043,
9047 + 3 * 30030,
9049,
9059,
9067,
9071 + 6 * 30030,
9073 + 30030,
9077 + 30030,
9083 + 30030,
9089 + 30030,
9091,
9101 + 3 * 30030,
9103,
9109,
9127,
9131 + 30030,
9133,
9137,
9143 + 2 * 30030,
9151,
9157,
9161,
9167 + 3 * 30030,
9169 + 30030,
9173,
9179 + 30030,
9181,
9187,
9193 + 4 * 30030,
9197 + 30030,
9199,
9203,
9209,
9211 + 30030,
9221,
9223 + 7 * 30030,
9227,
9239,
9241,
9253 + 2 * 30030,
9257,
9259 + 3 * 30030,
9263 + 30030,
9271 + 30030,
9277,
9281,
9283,
9287 + 30030,
9293,
9299 + 4 * 30030,
9301 + 3 * 30030,
9307 + 3 * 30030,
9311,
9313 + 30030,
9319,
9323,
9329 + 30030,
9337,
9341,
9343,
9349,
9353 + 30030,
9367 + 30030,
9371,
9377,
9379 + 30030,
9389 + 30030,
9391,
9397,
9403,
9407 + 2 * 30030,
9409 + 30030,
9413,
9419,
9421,
9431,
9433,
9437,
9439,
9461,
9463,
9467,
9469 + 30030,
9473,
9479,
9481 + 30030,
9487 + 3 * 30030,
9491,
9497,
9509 + 4 * 30030,
9511,
9517 + 3 * 30030,
9521,
9523 + 4 * 30030,
9533,
9539,
9547,
9551,
9553 + 3 * 30030,
9557 + 5 * 30030,
9563 + 2 * 30030,
9571 + 3 * 30030,
9577 + 30030,
9587,
9589 + 30030,
9593 + 30030,
9599 + 3 * 30030,
9601,
9613,
9617 + 2 * 30030,
9619,
9623,
9629,
9631,
9637 + 30030,
9641 + 30030,
9643,
9649,
9661,
9671 + 3 * 30030,
9673 + 30030,
9677,
9679,
9683 + 4 * 30030,
9689,
9697,
9701 + 2 * 30030,
9703 + 30030,
9707 + 2 * 30030,
9719,
9721,
9727 + 3 * 30030,
9731 + 30030,
9733,
9739,
9743,
9749,
9761 + 30030,
9767,
9769,
9773 + 2 * 30030,
9781,
9787,
9791,
9797 + 30030,
9799 + 30030,
9803,
9809 + 30030,
9811,
9817,
9827 + 30030,
9829,
9833,
9839,
9847 + 30030,
9851,
9853 + 30030,
9857,
9859,
9869 + 2 * 30030,
9871,
9881 + 2 * 30030,
9883,
9887,
9899 + 30030,
9901,
9907,
9913 + 3 * 30030,
9917 + 6 * 30030,
9923,
9929,
9931,
9937 + 2 * 30030,
9941,
9943 + 2 * 30030,
9949,
9953 + 30030,
9959 + 30030,
9967,
9973,
9979 + 30030,
9983 + 30030,
9991 + 2 * 30030,
10001 + 30030,
10007,
10009,
10013 + 3 * 30030,
10019 + 2 * 30030,
10027 + 4 * 30030,
10033 + 30030,
10037,
10039,
10051 + 2 * 30030,
10057 + 30030,
10061,
10063 + 30030,
10067,
10069,
10079,
10081 + 30030,
10091,
10093,
10097 + 30030,
10099,
10103,
10111,
10117 + 2 * 30030,
10121 + 30030,
10123 + 30030,
10133,
10139,
10141,
10147 + 30030,
10151,
10159,
10163,
10169,
10177,
10181,
10183 + 30030,
10187 + 4 * 30030,
10189 + 2 * 30030,
10193,
10201 + 30030,
10207 + 30030,
10211,
10217 + 4 * 30030,
10223,
10229 + 2 * 30030,
10237 + 2 * 30030,
10243,
10247,
10249 + 2 * 30030,
10253,
10259,
10261 + 2 * 30030,
10267,
10271,
10273,
10277 + 9 * 30030,
10279 + 4 * 30030,
10289,
10291 + 2 * 30030,
10301,
10303,
10313,
10319 + 2 * 30030,
10321,
10327 + 30030,
10331,
10333,
10337,
10343,
10349 + 4 * 30030,
10357,
10363 + 2 * 30030,
10369,
10379 + 2 * 30030,
10391,
10393 + 30030,
10397 + 30030,
10399,
10403 + 30030,
10411 + 3 * 30030,
10421 + 2 * 30030,
10427,
10429,
10433,
10441 + 30030,
10447 + 2 * 30030,
10453,
10457,
10459,
10463,
10469 + 30030,
10471 + 5 * 30030,
10477,
10481 + 8 * 30030,
10487,
10489 + 30030,
10499,
10501,
10511 + 2 * 30030,
10513,
10519 + 3 * 30030,
10523 + 2 * 30030,
10529,
10531,
10537 + 4 * 30030,
10541 + 9 * 30030,
10547 + 30030,
10553 + 30030,
10559,
10561 + 30030,
10567,
10573 + 4 * 30030,
10579 + 30030,
10583 + 3 * 30030,
10589,
10597,
10601,
10603 + 2 * 30030,
10607,
10609 + 30030,
10613,
10627,
10631,
10639,
10643 + 3 * 30030,
10649 + 2 * 30030,
10651,
10657,
10663,
10667,
10669 + 30030,
10679 + 30030,
10687,
10691,
10693 + 2 * 30030,
10697 + 3 * 30030,
10709,
10711,
10721 + 30030,
10723,
10727 + 5 * 30030,
10729,
10733,
10739,
10741 + 30030,
10753,
10757 + 30030,
10763 + 2 * 30030,
10771,
10781,
10783 + 30030,
10789,
10793 + 30030,
10799,
10807 + 2 * 30030,
10811 + 30030,
10817 + 30030,
10819 + 30030,
10823 + 30030,
10831,
10837,
10841 + 2 * 30030,
10847,
10849 + 30030,
10853,
10859,
10861,
10867,
10873 + 30030,
10877 + 2 * 30030,
10883,
10889,
10891,
10897 + 30030,
10903,
10909,
10919 + 30030,
10921 + 2 * 30030,
10931 + 30030,
10937,
10939,
10943 + 30030,
10949,
10951 + 2 * 30030,
10957,
10961 + 3 * 30030,
10963 + 30030,
10973,
10979,
10981 + 30030,
10987,
10991 + 3 * 30030,
10993,
10999 + 2 * 30030,
11003,
11009 + 30030,
11017 + 30030,
11021 + 30030,
11023 + 3 * 30030,
11027,
11029 + 2 * 30030,
11041 + 7 * 30030,
11047,
11051 + 30030,
11057,
11059,
11069,
11071,
11083,
11087,
11093,
11101 + 30030,
11107 + 2 * 30030,
11111 + 30030,
11113,
11117,
11119,
11129 + 4 * 30030,
11131,
11147 + 30030,
11149,
11153 + 30030,
11159,
11161,
11171,
11173,
11177,
11183 + 30030,
11189 + 2 * 30030,
11191 + 30030,
11197,
11201 + 30030,
11203 + 30030,
11213,
11227 + 30030,
11233 + 30030,
11237 + 4 * 30030,
11239,
11243,
11251,
11257,
11261,
11267 + 2 * 30030,
11269 + 30030,
11273,
11279,
11281 + 2 * 30030,
11287,
11293 + 2 * 30030,
11299,
11303 + 30030,
11309 + 3 * 30030,
11311,
11317,
11321,
11327 + 30030,
11329,
11339 + 2 * 30030,
11351,
11353,
11357 + 30030,
11359 + 30030,
11369,
11371 + 5 * 30030,
11377 + 2 * 30030,
11381 + 30030,
11383,
11387 + 3 * 30030,
11393,
11399,
11411,
11413 + 30030,
11419 + 2 * 30030,
11423,
11437,
11441 + 3 * 30030,
11443,
11447,
11449 + 30030,
11461 + 30030,
11467,
11471,
11477 + 30030,
11483,
11489,
11491,
11497,
11503,
11507 + 4 * 30030,
11509 + 30030,
11513 + 30030,
11519,
11521 + 3 * 30030,
11527,
11533 + 2 * 30030,
11537 + 2 * 30030,
11549,
11551,
11563 + 30030,
11567 + 30030,
11569 + 6 * 30030,
11573 + 30030,
11579,
11581 + 30030,
11587,
11591 + 30030,
11593,
11597,
11603 + 2 * 30030,
11611 + 30030,
11617,
11621,
11623 + 4 * 30030,
11629 + 30030,
11633,
11639 + 30030,
11647 + 2 * 30030,
11651 + 30030,
11653 + 2 * 30030,
11657,
11659 + 2 * 30030,
11663 + 4 * 30030,
11677,
11681,
11689,
11699,
11701,
11707 + 30030,
11717,
11719,
11723 + 5 * 30030,
11729 + 30030,
11731,
11741 + 30030,
11743,
11747 + 30030,
11749 + 2 * 30030,
11761 + 2 * 30030,
11771 + 30030,
11773 + 3 * 30030,
11777,
11779,
11783,
11789,
11797 + 5 * 30030,
11801,
11807,
11813,
11819 + 30030,
11821,
11827,
11831,
11833,
11839,
11849 + 30030,
11857 + 30030,
11861 + 5 * 30030,
11863,
11867,
11873 + 30030,
11881 + 30030,
11887,
11897,
11899 + 4 * 30030,
11903,
11909,
11911 + 30030,
11917 + 30030,
11923,
11927,
11929 + 30030,
11933,
11939,
11941,
11951 + 30030,
11953,
11959,
11969,
11971,
11981,
11983 + 30030,
11987,
11989 + 30030,
11993 + 30030,
12007,
12011,
12013 + 30030,
12017 + 2 * 30030,
12029 + 2 * 30030,
12031 + 30030,
12037,
12041,
12043,
12049,
12053 + 30030,
12059 + 30030,
12071,
12073,
12079 + 2 * 30030,
12083 + 6 * 30030,
12091 + 3 * 30030,
12097,
12101,
12107,
12109,
12113,
12119,
12121 + 4 * 30030,
12127 + 30030,
12137 + 4 * 30030,
12139 + 30030,
12143,
12149,
12151 + 30030,
12157,
12161,
12163,
12167 + 30030,
12169 + 2 * 30030,
12179 + 30030,
12191 + 30030,
12193 + 30030,
12197,
12203,
12209 + 30030,
12211,
12217 + 2 * 30030,
12223 + 8 * 30030,
12227,
12239,
12241,
12247 + 2 * 30030,
12251,
12253,
12263,
12269,
12277,
12281,
12283 + 4 * 30030,
12289,
12293 + 30030,
12301,
12307 + 30030,
12317 + 3 * 30030,
12319 + 30030,
12323,
12329,
12343,
12347,
12349 + 30030,
12359 + 6 * 30030,
12361 + 30030,
12367 + 30030,
12371 + 2 * 30030,
12373,
12377,
12379,
12391,
12401,
12403 + 30030,
12407 + 30030,
12409,
12413,
12421,
12427 + 30030,
12431 + 30030,
12433,
12437,
12443 + 30030,
12449 + 3 * 30030,
12451,
12457,
12461 + 30030,
12469 + 30030,
12473,
12479,
12487,
12491,
12497,
12499 + 2 * 30030,
12503,
12511,
12517,
12521 + 3 * 30030,
12527,
12533 + 5 * 30030,
12539,
12541,
12547,
12553,
12557 + 2 * 30030,
12559 + 30030,
12563 + 2 * 30030,
12569,
12577,
12581 + 30030,
12583,
12587 + 2 * 30030,
12589,
12599 + 5 * 30030,
12601,
12611,
12613,
12619,
12629 + 2 * 30030,
12631 + 4 * 30030,
12637,
12641,
12643 + 4 * 30030,
12647,
12653,
12659,
12667 + 30030,
12671,
12673 + 30030,
12679 + 30030,
12689,
12697,
12703,
12707 + 30030,
12709 + 5 * 30030,
12713,
12721,
12731 + 4 * 30030,
12737 + 30030,
12739,
12743,
12751 + 3 * 30030,
12757,
12763,
12767 + 30030,
12769 + 3 * 30030,
12773 + 4 * 30030,
12781,
12787 + 3 * 30030,
12791,
12797 + 5 * 30030,
12799,
12809,
12811 + 30030,
12821,
12823,
12827 + 4 * 30030,
12829,
12833 + 30030,
12839 + 3 * 30030,
12841,
12847 + 2 * 30030,
12851 + 2 * 30030,
12853,
12863 + 2 * 30030,
12869 + 30030,
12871 + 30030,
12877 + 2 * 30030,
12889,
12893,
12899,
12907,
12911,
12913 + 30030,
12917,
12919,
12923,
12931 + 30030,
12937 + 30030,
12941,
12949 + 30030,
12953,
12959,
12967,
12973,
12977 + 2 * 30030,
12979,
12983,
12989 + 30030,
12997 + 3 * 30030,
13001,
13003,
13007,
13009,
13019 + 30030,
13021 + 30030,
13031 + 2 * 30030,
13033,
13037,
13043,
13049,
13051 + 3 * 30030,
13061 + 2 * 30030,
13063,
13067 + 2 * 30030,
13073 + 30030,
13081 + 2 * 30030,
13087 + 30030,
13093,
13099,
13103,
13109,
13121,
13127,
13129 + 30030,
13133 + 4 * 30030,
13141 + 3 * 30030,
13147,
13151,
13157 + 4 * 30030,
13159,
13163,
13171,
13177,
13183,
13187,
13193 + 30030,
13199 + 2 * 30030,
13201 + 3 * 30030,
13207 + 30030,
13213 + 5 * 30030,
13217,
13219,
13229,
13231 + 30030,
13241,
13243 + 2 * 30030,
13249,
13253 + 30030,
13259,
13261 + 30030,
13267,
13271 + 2 * 30030,
13283 + 30030,
13289 + 30030,
13291,
13297,
13301 + 30030,
13303 + 2 * 30030,
13309,
13313,
13319 + 2 * 30030,
13327,
13331,
13333 + 3 * 30030,
13337,
13339,
13357 + 2 * 30030,
13361 + 30030,
13367,
13369 + 30030,
13373 + 30030,
13379 + 4 * 30030,
13381,
13393 + 2 * 30030,
13397,
13399,
13411,
13417,
13421,
13423 + 2 * 30030,
13427 + 30030,
13439 + 3 * 30030,
13441,
13451,
13457,
13459 + 3 * 30030,
13463,
13469,
13471 + 3 * 30030,
13477,
13483 + 3 * 30030,
13487,
13493 + 2 * 30030,
13499,
13501 + 2 * 30030,
13511 + 30030,
13513,
13523,
13529 + 2 * 30030,
13537,
13543 + 30030,
13547 + 30030,
13549 + 30030,
13553,
13561 + 30030,
13567,
13571 + 4 * 30030,
13577,
13579 + 30030,
13583 + 30030,
13589 + 4 * 30030,
13591,
13597,
13603 + 30030,
13609 + 3 * 30030,
13613,
13619,
13621 + 30030,
13627,
13631 + 30030,
13633,
13639 + 30030,
13649,
13661 + 30030,
13667 + 2 * 30030,
13669,
13679,
13681,
13687,
13691,
13693,
13697,
13703 + 5 * 30030,
13709,
13711,
13721,
13723,
13729,
13733 + 4 * 30030,
13747 + 30030,
13751,
13753 + 30030,
13757,
13759,
13763,
13771 + 30030,
13777 + 3 * 30030,
13781,
13787 + 2 * 30030,
13789,
13799,
13801 + 7 * 30030,
13807,
13813 + 3 * 30030,
13817 + 2 * 30030,
13823 + 30030,
13829,
13831,
13837 + 30030,
13841,
13843 + 4 * 30030,
13847 + 2 * 30030,
13859,
13861 + 30030,
13873,
13877,
13879,
13883,
13889 + 3 * 30030,
13891 + 2 * 30030,
13901,
13903,
13907,
13913,
13919 + 3 * 30030,
13921,
13927 + 4 * 30030,
13931,
13933,
13939 + 30030,
13943 + 30030,
13957 + 30030,
13961 + 30030,
13963,
13967,
13969 + 3 * 30030,
13973 + 4 * 30030,
13987 + 30030,
13991 + 30030,
13997,
13999,
14009,
14011,
14017 + 2 * 30030,
14023 + 30030,
14029,
14033,
14039 + 2 * 30030,
14041 + 30030,
14051,
14057,
14059 + 30030,
14071,
14081,
14083,
14087,
14089 + 30030,
14093 + 30030,
14099 + 30030,
14101 + 30030,
14107,
14111 + 15 * 30030,
14117 + 2 * 30030,
14123 + 4 * 30030,
14129 + 30030,
14137 + 2 * 30030,
14141 + 30030,
14143,
14149,
14153,
14159,
14167 + 4 * 30030,
14171 + 30030,
14173,
14177,
14191 + 30030,
14197,
14207,
14213 + 4 * 30030,
14219 + 30030,
14221,
14227 + 30030,
14233 + 30030,
14237 + 30030,
14239 + 30030,
14243,
14249,
14251,
14257 + 2 * 30030,
14263 + 30030,
14269 + 5 * 30030,
14279 + 3 * 30030,
14281,
14291 + 3 * 30030,
14293,
14297 + 2 * 30030,
14299 + 5 * 30030,
14303,
14309 + 3 * 30030,
14317 + 2 * 30030,
14321,
14323,
14327,
14341,
14347,
14351 + 30030,
14353 + 30030,
14359 + 30030,
14363 + 5 * 30030,
14369,
14381 + 2 * 30030,
14383 + 3 * 30030,
14387,
14389,
14393 + 2 * 30030,
14401,
14407,
14411,
14419,
14423,
14429 + 2 * 30030,
14431,
14437,
14447,
14449,
14453 + 30030,
14459 + 3 * 30030,
14461,
14467 + 30030,
14471 + 30030,
14473 + 4 * 30030,
14477 + 30030,
14479,
14489,
14491 + 2 * 30030,
14501 + 30030,
14503,
14507 + 30030,
14513 + 30030,
14519,
14527 + 2 * 30030,
14533,
14537,
14543,
14549,
14551,
14557,
14561,
14563,
14569 + 3 * 30030,
14579 + 4 * 30030,
14587 + 30030,
14591,
14593,
14603 + 30030,
14611 + 30030,
14617 + 30030,
14621,
14627,
14629,
14633,
14639,
14647 + 2 * 30030,
14653,
14657,
14659 + 2 * 30030,
14669,
14671 + 30030,
14681 + 30030,
14683,
14687 + 2 * 30030,
14689 + 3 * 30030,
14699,
14701 + 2 * 30030,
14711 + 30030,
14713,
14717,
14719 + 2 * 30030,
14723,
14731,
14737,
14741,
14743 + 30030,
14747,
14753,
14759,
14761 + 2 * 30030,
14767,
14771,
14779,
14783,
14789 + 30030,
14797,
14801 + 2 * 30030,
14803 + 4 * 30030,
14809 + 30030,
14813,
14821,
14827,
14831,
14837 + 30030,
14843,
14849 + 30030,
14851,
14857 + 30030,
14863 + 30030,
14867,
14869,
14873 + 2 * 30030,
14879,
14881 + 2 * 30030,
14887,
14891,
14893 + 8 * 30030,
14897,
14899 + 2 * 30030,
14909 + 30030,
14921 + 9 * 30030,
14923,
14929,
14933 + 30030,
14939,
14941 + 30030,
14947,
14951,
14953 + 30030,
14957,
14969,
14977 + 30030,
14981 + 2 * 30030,
14983,
14999 + 4 * 30030,
15007 + 3 * 30030,
15011 + 4 * 30030,
15013,
15017,
15019 + 2 * 30030,
15023 + 30030,
15031,
15047 + 30030,
15049 + 2 * 30030,
15053,
15061,
15073,
15077,
15079 + 5 * 30030,
15083,
15089 + 30030,
15091,
15097 + 30030,
15101,
15107,
15109 + 30030,
15121,
15131,
15133 + 2 * 30030,
15137,
15139,
15143 + 5 * 30030,
15149,
15151 + 30030,
15157 + 2 * 30030,
15161,
15163 + 2 * 30030,
15167 + 30030,
15173,
15179 + 2 * 30030,
15181 + 4 * 30030,
15187,
15193,
15199,
15203 + 30030,
15209 + 2 * 30030,
15217,
15221 + 6 * 30030,
15227,
15229 + 30030,
15233,
15241,
15247 + 2 * 30030,
15251 + 30030,
15259,
15263,
15269,
15271,
15277,
15283 + 3 * 30030,
15287,
15289,
15293 + 2 * 30030,
15299,
15307,
15311 + 30030,
15313,
15317 + 2 * 30030,
15319,
15329,
15331,
15341 + 2 * 30030,
15343 + 2 * 30030,
15347 + 30030,
15349,
15359,
15361,
15371 + 2 * 30030,
15373,
15377,
15383,
15391,
15397 + 30030,
15401,
15403 + 30030,
15409 + 30030,
15413,
15419 + 2 * 30030,
15427,
15437 + 3 * 30030,
15439,
15443,
15451,
15461,
15467,
15469 + 4 * 30030,
15473,
15479 + 2 * 30030,
15481 + 2 * 30030,
15487 + 4 * 30030,
15493,
15497,
15503 + 30030,
15511,
15517 + 2 * 30030,
15523 + 30030,
15527,
15529 + 3 * 30030,
15539 + 30030,
15541,
15551,
15553 + 5 * 30030,
15557 + 30030,
15559,
15563 + 3 * 30030,
15569,
15571 + 5 * 30030,
15577 + 3 * 30030,
15581,
15583,
15593 + 2 * 30030,
15599 + 2 * 30030,
15601,
15607,
15611 + 30030,
15619,
15623 + 2 * 30030,
15629,
15637 + 30030,
15641,
15643,
15647,
15649,
15661,
15667,
15671,
15677 + 30030,
15679,
15683,
15689 + 6 * 30030,
15703 + 6 * 30030,
15707 + 30030,
15709 + 4 * 30030,
15713 + 2 * 30030,
15721 + 30030,
15727,
15731,
15733,
15737,
15739,
15749,
15751 + 5 * 30030,
15761,
15767,
15773,
15779 + 4 * 30030,
15781 + 3 * 30030,
15787,
15791,
15793 + 30030,
15797,
15803,
15809,
15811 + 30030,
15817,
15823,
15833 + 30030,
15839 + 30030,
15853 + 2 * 30030,
15857 + 30030,
15859,
15863 + 30030,
15871 + 2 * 30030,
15877,
15881,
15887,
15889,
15893 + 3 * 30030,
15901,
15907,
15913,
15919,
15923,
15929 + 30030,
15931 + 2 * 30030,
15937,
15941 + 30030,
15943 + 2 * 30030,
15947 + 4 * 30030,
15949 + 30030,
15959,
15971,
15973,
15979 + 2 * 30030,
15989 + 6 * 30030,
15991,
15997 + 30030,
16001,
16007,
16013 + 3 * 30030,
16019 + 30030,
16021 + 30030,
16031 + 30030,
16033,
16039 + 2 * 30030,
16043 + 30030,
16057,
16061,
16063,
16067,
16069,
16073,
16087,
16091,
16097,
16099 + 2 * 30030,
16103,
16109 + 5 * 30030,
16111,
16117 + 30030,
16123 + 30030,
16127,
16129 + 3 * 30030,
16139,
16141,
16147 + 2 * 30030,
16151 + 30030,
16153 + 30030,
16157 + 30030,
16169 + 30030,
16171 + 2 * 30030,
16183,
16187,
16189,
16193,
16199 + 30030,
16201 + 2 * 30030,
16207 + 30030,
16213 + 3 * 30030,
16217,
16223,
16229,
16231,
16241 + 30030,
16243 + 30030,
16249,
16253,
16259 + 3 * 30030,
16267,
16271 + 30030,
16273,
16277 + 30030,
16279 + 30030,
16283 + 2 * 30030,
16297 + 30030,
16301,
16307 + 30030,
16309 + 2 * 30030,
16319,
16321 + 30030,
16327 + 2 * 30030,
16333,
16337 + 3 * 30030,
16339,
16343 + 2 * 30030,
16349,
16351 + 30030,
16361,
16363,
16369,
16381,
16391 + 4 * 30030,
16397 + 3 * 30030,
16399 + 4 * 30030,
16403 + 2 * 30030,
16409 + 30030,
16411,
16417,
16421,
16427,
16433,
16439 + 4 * 30030,
16441 + 30030,
16447,
16451,
16453,
16459 + 30030,
16463 + 5 * 30030,
16469 + 30030,
16477,
16481,
16483 + 2 * 30030,
16487,
16493,
16501 + 2 * 30030,
16507 + 5 * 30030,
16517 + 5 * 30030,
16519,
16529,
16531 + 3 * 30030,
16537 + 30030,
16543 + 30030,
16547,
16553,
16559 + 30030,
16561,
16567,
16571 + 30030,
16573,
16579 + 3 * 30030,
16589 + 30030,
16591 + 2 * 30030,
16603,
16607,
16609 + 30030,
16613 + 30030,
16619,
16631,
16633,
16637 + 2 * 30030,
16649,
16651,
16657,
16661,
16663 + 3 * 30030,
16669 + 3 * 30030,
16673,
16691,
16693,
16697 + 30030,
16699,
16703,
16711 + 2 * 30030,
16717 + 30030,
16721 + 30030,
16727 + 30030,
16729,
16733 + 3 * 30030,
16739 + 30030,
16741,
16747,
16759,
16763,
16769 + 2 * 30030,
16771 + 2 * 30030,
16777 + 30030,
16781 + 30030,
16787,
16789 + 30030,
16799 + 30030,
16801 + 30030,
16811,
16813 + 2 * 30030,
16817 + 3 * 30030,
16823,
16829,
16831,
16837 + 30030,
16843,
16847 + 30030,
16853 + 2 * 30030,
16859 + 30030,
16867 + 3 * 30030,
16871,
16873 + 3 * 30030,
16879,
16883,
16889,
16897 + 5 * 30030,
16901,
16903,
16909 + 4 * 30030,
16921,
16927,
16931,
16937,
16943,
16949 + 5 * 30030,
16957 + 2 * 30030,
16963,
16967 + 30030,
16969 + 2 * 30030,
16979,
16981,
16987,
16993,
16997 + 4 * 30030,
16999 + 3 * 30030,
17009 + 2 * 30030,
17011,
17021,
17023 + 4 * 30030,
17027,
17029,
17033,
17041,
17047,
17051 + 9 * 30030,
17053,
17057 + 30030,
17063 + 30030,
17071 + 4 * 30030,
17077,
17081 + 30030,
17089 + 30030,
17093,
17099,
17107,
17111 + 2 * 30030,
17113 + 30030,
17117,
17119 + 30030,
17123,
17131 + 30030,
17137,
17141 + 2 * 30030,
17153 + 2 * 30030,
17159,
17161 + 3 * 30030,
17167,
17177 + 30030,
17179 + 2 * 30030,
17183,
17189,
17191,
17197 + 7 * 30030,
17201 + 2 * 30030,
17203,
17207,
17209,
17219 + 2 * 30030,
17221 + 30030,
17231,
17233 + 3 * 30030,
17239,
17243 + 4 * 30030,
17249 + 30030,
17257,
17261 + 3 * 30030,
17263 + 30030,
17267 + 30030,
17273 + 30030,
17279 + 30030,
17287 + 30030,
17291,
17293,
17299,
17309 + 30030,
17317,
17321,
17323 + 30030,
17327,
17333,
17341,
17351,
17357 + 30030,
17359,
17363 + 3 * 30030,
17371 + 2 * 30030,
17377,
17383,
17387,
17389,
17393,
17399 + 4 * 30030,
17401,
17411 + 30030,
17417,
17419,
17429 + 30030,
17431,
17441 + 6 * 30030,
17443,
17447 + 4 * 30030,
17449,
17453 + 2 * 30030,
17461 + 30030,
17467,
17471,
17473 + 3 * 30030,
17477,
17483,
17489,
17491,
17497,
17503 + 30030,
17509,
17513 + 30030,
17519,
17527 + 2 * 30030,
17531 + 2 * 30030,
17533 + 30030,
17539,
17543 + 8 * 30030,
17551,
17557 + 2 * 30030,
17561 + 30030,
17569,
17573,
17579,
17581,
17587 + 2 * 30030,
17593 + 30030,
17597,
17599,
17603 + 3 * 30030,
17609,
17617 + 4 * 30030,
17621 + 2 * 30030,
17623,
17627,
17629 + 30030,
17639 + 2 * 30030,
17651 + 30030,
17653 + 2 * 30030,
17657,
17659,
17663 + 2 * 30030,
17669,
17671 + 30030,
17681,
17683,
17687 + 30030,
17701 + 2 * 30030,
17707,
17711 + 30030,
17713,
17723 + 2 * 30030,
17729,
17737,
17741 + 2 * 30030,
17747,
17749,
17753 + 2 * 30030,
17761,
17767 + 30030,
17777 + 30030,
17779 + 30030,
17783,
17789,
17791,
17803 + 2 * 30030,
17807,
17813 + 30030,
17819 + 9 * 30030,
17821 + 4 * 30030,
17827,
17833 + 2 * 30030,
17837,
17839,
17851,
17861 + 3 * 30030,
17863,
17867 + 6 * 30030,
17869 + 2 * 30030,
17873 + 30030,
17879 + 4 * 30030,
17881,
17887 + 30030,
17891,
17893 + 5 * 30030,
17903,
17909,
17911,
17917 + 30030,
17921,
17923,
17929,
17933 + 30030,
17939,
17947 + 30030,
17951 + 30030,
17957,
17959,
17971,
17977,
17981,
17987,
17989,
17993 + 30030,
17999 + 30030,
18001 + 5 * 30030,
18013,
18017 + 3 * 30030,
18019 + 30030,
18023 + 4 * 30030,
18037 + 3 * 30030,
18041,
18043,
18047,
18049,
18059,
18061,
18071 + 3 * 30030,
18077,
18079 + 30030,
18089,
18091 + 30030,
18097,
18101 + 30030,
18103 + 2 * 30030,
18107 + 2 * 30030,
18113 + 2 * 30030,
18119,
18121,
18127,
18131,
18133,
18143,
18149,
18157 + 30030,
18163 + 30030,
18167 + 30030,
18169,
18173 + 2 * 30030,
18181,
18191,
18197 + 3 * 30030,
18199,
18203 + 3 * 30030,
18209 + 30030,
18211,
18217,
18223,
18229,
18233,
18241 + 30030,
18247 + 2 * 30030,
18251,
18253,
18257,
18259 + 5 * 30030,
18269,
18281 + 30030,
18283 + 30030,
18287,
18289,
18299 + 5 * 30030,
18301,
18307,
18311,
18313,
18323 + 30030,
18329,
18331 + 3 * 30030,
18341,
18349 + 3 * 30030,
18353,
18367,
18371,
18373 + 3 * 30030,
18377 + 30030,
18379,
18383 + 30030,
18391 + 4 * 30030,
18397,
18401,
18407 + 30030,
18409 + 3 * 30030,
18413,
18419 + 30030,
18427,
18433,
18437 + 2 * 30030,
18439,
18443,
18449 + 30030,
18451,
18457,
18461,
18463 + 3 * 30030,
18467 + 30030,
18479 + 2 * 30030,
18481,
18493,
18497 + 30030,
18503,
18509 + 30030,
18511 + 30030,
18517,
18521,
18523,
18527 + 4 * 30030,
18533 + 30030,
18539,
18541,
18547 + 2 * 30030,
18553,
18559 + 30030,
18563 + 30030,
18569 + 5 * 30030,
18581 + 30030,
18583,
18587,
18589 + 30030,
18593,
18607 + 4 * 30030,
18611 + 4 * 30030,
18617,
18619 + 30030,
18631 + 30030,
18637,
18643 + 30030,
18647 + 30030,
18649 + 30030,
18653 + 2 * 30030,
18659 + 6 * 30030,
18661,
18671,
18673 + 4 * 30030,
18677 + 2 * 30030,
18679,
18691,
18701,
18703 + 30030,
18709 + 3 * 30030,
18713,
18719,
18721 + 30030,
18727 + 30030,
18731,
18737 + 30030,
18743,
18749,
18751 + 30030,
18757,
18761 + 6 * 30030,
18763 + 2 * 30030,
18769 + 30030,
18773,
18779 + 30030,
18787,
18791 + 30030,
18793,
18797,
18803,
18817 + 30030,
18827 + 30030,
18829 + 30030,
18833 + 2 * 30030,
18839,
18841 + 30030,
18847 + 4 * 30030,
18853 + 30030,
18857 + 3 * 30030,
18859,
18869,
18871 + 3 * 30030,
18877 + 30030,
18881 + 2 * 30030,
18883 + 7 * 30030,
18899,
18901 + 3 * 30030,
18911,
18913,
18917,
18919,
18923 + 30030,
18929 + 2 * 30030,
18937 + 8 * 30030,
18943 + 30030,
18947,
18959,
18961 + 30030,
18971 + 2 * 30030,
18973,
18979,
18983 + 2 * 30030,
18989 + 30030,
19001,
19003 + 30030,
19007 + 30030,
19009,
19013,
19021 + 3 * 30030,
19027 + 30030,
19031,
19037,
19039 + 30030,
19043 + 2 * 30030,
19049 + 3 * 30030,
19051,
19057 + 3 * 30030,
19067 + 4 * 30030,
19069,
19073,
19079,
19081,
19087,
19091 + 30030,
19093 + 30030,
19099 + 2 * 30030,
19109 + 30030,
19111 + 3 * 30030,
19121,
19127 + 30030,
19133 + 2 * 30030,
19139,
19141,
19147 + 30030,
19153 + 4 * 30030,
19157,
19163,
19169 + 30030,
19171 + 30030,
19177 + 30030,
19181,
19183,
19189 + 3 * 30030,
19193 + 30030,
19199 + 2 * 30030,
19207,
19211,
19213,
19219,
19223 + 30030,
19231,
19237,
19241 + 2 * 30030,
19247 + 30030,
19249,
19259,
19267,
19273,
19277 + 30030,
19289,
19291 + 8 * 30030,
19297 + 2 * 30030,
19301,
19303 + 30030,
19307 + 2 * 30030,
19309,
19319,
19321 + 5 * 30030,
19333,
19337 + 30030,
19339 + 30030,
19343 + 3 * 30030,
19351 + 2 * 30030,
19361 + 30030,
19363 + 30030,
19367 + 2 * 30030,
19373,
19379,
19381,
19387,
19391,
19399 + 30030,
19403,
19417,
19421,
19423,
19427,
19429,
19433,
19441,
19447,
19451 + 30030,
19457,
19463,
19469,
19471,
19477,
19483,
19489,
19493 + 30030,
19499 + 30030,
19501,
19507,
19511 + 5 * 30030,
19517 + 30030,
19519 + 30030,
19529 + 30030,
19531,
19541,
19543,
19549 + 2 * 30030,
19553,
19559,
19561 + 2 * 30030,
19567 + 30030,
19571,
19573 + 30030,
19577,
19583,
19589 + 4 * 30030,
19597,
19601 + 4 * 30030,
19603,
19609,
19619 + 4 * 30030,
19627 + 2 * 30030,
19631 + 2 * 30030,
19633 + 30030,
19637 + 30030,
19639 + 30030,
19651 + 30030,
19661,
19667 + 30030,
19673 + 5 * 30030,
19681,
19687,
19693 + 4 * 30030,
19697,
19699,
19703 + 3 * 30030,
19709,
19711 + 30030,
19717,
19727,
19729 + 3 * 30030,
19739,
19741 + 2 * 30030,
19751,
19753,
19757 + 30030,
19759,
19763,
19769 + 2 * 30030,
19771 + 30030,
19777,
19781 + 30030,
19783 + 2 * 30030,
19787 + 2 * 30030,
19793,
19801,
19807 + 2 * 30030,
19813,
19819,
19823 + 30030,
19829 + 2 * 30030,
19837 + 5 * 30030,
19841,
19843,
19847 + 30030,
19849 + 4 * 30030,
19853,
19861,
19867,
19871 + 3 * 30030,
19879 + 2 * 30030,
19883 + 2 * 30030,
19889,
19891,
19897 + 30030,
19907 + 30030,
19909 + 30030,
19913,
19919,
19927,
19931 + 5 * 30030,
19933 + 3 * 30030,
19937,
19939 + 2 * 30030,
19949,
19951 + 4 * 30030,
19961,
19963,
19967 + 8 * 30030,
19969 + 30030,
19973,
19979,
19991,
19993,
19997,
20003 + 30030,
20011,
20017 + 30030,
20021,
20023,
20029,
20039 + 30030,
20047,
20051,
20057 + 30030,
20063,
20071,
20077 + 4 * 30030,
20081 + 30030,
20087 + 2 * 30030,
20089,
20093 + 30030,
20099 + 30030,
20101,
20107,
20113,
20117,
20123,
20129,
20131 + 2 * 30030,
20143,
20147,
20149,
20159 + 7 * 30030,
20161,
20171 + 2 * 30030,
20173,
20177,
20179 + 2 * 30030,
20183,
20191 + 30030,
20197 + 30030,
20201,
20203 + 2 * 30030,
20213 + 2 * 30030,
20219,
20221 + 3 * 30030,
20227 + 2 * 30030,
20231,
20233,
20239 + 5 * 30030,
20243 + 30030,
20249,
20257 + 30030,
20261,
20263 + 5 * 30030,
20269,
20281 + 30030,
20287,
20291 + 30030,
20297,
20299 + 30030,
20303 + 30030,
20309 + 2 * 30030,
20311 + 30030,
20323,
20327,
20329 + 30030,
20333,
20341,
20347,
20351 + 3 * 30030,
20353,
20357,
20359,
20369,
20381 + 30030,
20387 + 30030,
20389,
20393,
20399,
20401 + 3 * 30030,
20407,
20411,
20413 + 2 * 30030,
20417 + 6 * 30030,
20429 + 30030,
20431,
20437 + 3 * 30030,
20441,
20443,
20453 + 2 * 30030,
20459 + 5 * 30030,
20467 + 30030,
20473 + 30030,
20477,
20479,
20483,
20491 + 3 * 30030,
20497 + 30030,
20507,
20509,
20513 + 30030,
20519 + 30030,
20521,
20533,
20539 + 2 * 30030,
20543,
20549,
20551,
20557 + 30030,
20561 + 30030,
20563,
20567 + 2 * 30030,
20569 + 30030,
20591 + 2 * 30030,
20593,
20597 + 30030,
20599,
20609 + 2 * 30030,
20611,
20617 + 30030,
20621 + 30030,
20623 + 2 * 30030,
20627,
20633 + 8 * 30030,
20639,
20641,
20651 + 5 * 30030,
20653 + 30030,
20659 + 3 * 30030,
20663,
20677 + 30030,
20681,
20687 + 2 * 30030,
20689 + 2 * 30030,
20693,
20701 + 2 * 30030,
20707,
20711 + 30030,
20717,
20719,
20723 + 30030,
20729 + 2 * 30030,
20731,
20737 + 30030,
20743,
20747,
20749,
20753,
20759,
20767 + 7 * 30030,
20771,
20773,
20777 + 4 * 30030,
20789,
20791 + 30030,
20803 + 30030,
20807,
20809,
20819 + 30030,
20821 + 5 * 30030,
20827 + 30030,
20831 + 3 * 30030,
20833 + 3 * 30030,
20837 + 30030,
20843 + 30030,
20849,
20851 + 2 * 30030,
20857,
20861 + 30030,
20863 + 30030,
20869 + 2 * 30030,
20873,
20879,
20887,
20893 + 30030,
20897,
20899,
20903,
20921,
20927 + 30030,
20929,
20939,
20941 + 30030,
20947,
20953 + 2 * 30030,
20957 + 2 * 30030,
20959,
20963,
20971 + 30030,
20981,
20983,
20987 + 2 * 30030,
20989 + 2 * 30030,
21001,
21011,
21013,
21017,
21019,
21023,
21029 + 30030,
21031,
21037 + 2 * 30030,
21041 + 30030,
21053 + 3 * 30030,
21059,
21061,
21067,
21071 + 2 * 30030,
21079 + 30030,
21083 + 5 * 30030,
21089,
21097 + 2 * 30030,
21101,
21103 + 30030,
21107,
21113 + 2 * 30030,
21121,
21127 + 30030,
21137 + 2 * 30030,
21139,
21143,
21149,
21157,
21163,
21167 + 30030,
21169,
21173 + 30030,
21179,
21181 + 3 * 30030,
21187,
21191,
21193,
21199 + 30030,
21209 + 30030,
21211,
21221,
21223 + 2 * 30030,
21227,
21233 + 30030,
21239 + 2 * 30030,
21247,
21251 + 3 * 30030,
21253 + 30030,
21257 + 30030,
21269,
21271 + 2 * 30030,
21277,
21283,
21289 + 2 * 30030,
21293 + 2 * 30030,
21299 + 30030,
21311 + 30030,
21313,
21317,
21319,
21323,
21331 + 30030,
21337 + 3 * 30030,
21341,
21347,
21349 + 2 * 30030,
21353 + 30030,
21361 + 2 * 30030,
21367 + 5 * 30030,
21377,
21379,
21383,
21389 + 30030,
21391,
21397,
21401,
21403 + 2 * 30030,
21407,
21409 + 30030,
21419,
21421 + 5 * 30030,
21431 + 30030,
21433,
21443 + 30030,
21449 + 30030,
21451 + 30030,
21457 + 30030,
21467,
21473 + 30030,
21479 + 5 * 30030,
21481,
21487,
21491,
21493,
21499,
21503,
21509 + 30030,
21517,
21521,
21523,
21529,
21533 + 30030,
21547 + 30030,
21551 + 30030,
21557,
21559,
21563,
21569,
21577,
21583 + 30030,
21587,
21589,
21599,
21601,
21607 + 30030,
21611,
21613,
21617,
21629 + 30030,
21631 + 3 * 30030,
21641 + 2 * 30030,
21643 + 30030,
21647,
21649,
21653 + 30030,
21661,
21667 + 2 * 30030,
21673,
21677 + 2 * 30030,
21683,
21689 + 30030,
21691 + 30030,
21701,
21709 + 2 * 30030,
21713,
21719 + 30030,
21727,
21731 + 3 * 30030,
21733 + 4 * 30030,
21737,
21739,
21743 + 3 * 30030,
21751,
21757,
21761 + 14 * 30030,
21767,
21773,
21779 + 2 * 30030,
21781 + 3 * 30030,
21787,
21793 + 2 * 30030,
21797 + 30030,
21799,
21803,
21809 + 30030,
21811 + 4 * 30030,
21817,
21821,
21823 + 30030,
21829 + 30030,
21839,
21841,
21851,
21859,
21863,
21869 + 30030,
21871,
21877 + 30030,
21881,
21883 + 30030,
21887 + 3 * 30030,
21893,
21899 + 30030,
21907 + 2 * 30030,
21911,
21913 + 2 * 30030,
21919 + 30030,
21929,
21937,
21941 + 30030,
21943,
21947 + 30030,
21949 + 2 * 30030,
21953 + 2 * 30030,
21961,
21971 + 2 * 30030,
21977,
21979 + 30030,
21991,
21997,
22003,
22007 + 2 * 30030,
22013,
22019 + 5 * 30030,
22021 + 30030,
22027,
22031,
22037,
22039,
22049 + 3 * 30030,
22051,
22063,
22067,
22069 + 2 * 30030,
22073,
22079,
22081 + 2 * 30030,
22091,
22093,
22097 + 30030,
22103 + 2 * 30030,
22109,
22111,
22117 + 30030,
22123,
22129,
22133,
22147,
22151 + 30030,
22153,
22157,
22159,
22163 + 2 * 30030,
22171,
22177 + 2 * 30030,
22181 + 2 * 30030,
22189,
22193,
22199 + 3 * 30030,
22201 + 2 * 30030,
22207 + 30030,
22213 + 3 * 30030,
22219 + 30030,
22223 + 30030,
22229,
22237 + 30030,
22241 + 2 * 30030,
22247,
22249 + 3 * 30030,
22259,
22261 + 30030,
22271,
22273,
22277,
22279,
22283,
22289 + 2 * 30030,
22291,
22301 + 2 * 30030,
22303,
22307,
22313 + 2 * 30030,
22327 + 2 * 30030,
22331 + 30030,
22333 + 30030,
22339 + 30030,
22343,
22349,
22357 + 30030,
22361 + 30030,
22367,
22369,
22381,
22387 + 6 * 30030,
22391,
22397,
22403 + 30030,
22409,
22411 + 2 * 30030,
22417 + 3 * 30030,
22423 + 30030,
22427 + 30030,
22433,
22439 + 2 * 30030,
22441,
22447,
22453,
22457 + 5 * 30030,
22459 + 30030,
22469,
22471 + 30030,
22481,
22483,
22487 + 30030,
22489 + 2 * 30030,
22493 + 3 * 30030,
22499 + 30030,
22501,
22507 + 2 * 30030,
22511,
22513 + 30030,
22523 + 30030,
22531,
22537 + 30030,
22541,
22543,
22549,
22553 + 30030,
22559 + 2 * 30030,
22567,
22571,
22573,
22577 + 4 * 30030,
22579 + 30030,
22591 + 2 * 30030,
22597 + 30030,
22601 + 30030,
22609 + 30030,
22613,
22619,
22621,
22637,
22639,
22643,
22651,
22657 + 5 * 30030,
22661 + 30030,
22663 + 2 * 30030,
22667 + 30030,
22669,
22679,
22681 + 30030,
22691,
22697,
22699,
22703 + 30030,
22709,
22717,
22721,
22723 + 9 * 30030,
22727,
22733 + 2 * 30030,
22739,
22741,
22747 + 4 * 30030,
22751,
22753 + 30030,
22769,
22777,
22783,
22787,
22793 + 6 * 30030,
22801 + 6 * 30030,
22807,
22811,
22817,
22819 + 3 * 30030,
22823 + 2 * 30030,
22829 + 30030,
22831 + 30030,
22837 + 3 * 30030,
22843 + 2 * 30030,
22849 + 30030,
22853,
22859,
22861,
22871,
22873 + 30030,
22877,
22879 + 2 * 30030,
22889 + 30030,
22901,
22903 + 2 * 30030,
22907,
22909 + 5 * 30030,
22921,
22927 + 30030,
22931 + 3 * 30030,
22933 + 30030,
22937,
22943,
22949 + 2 * 30030,
22951 + 30030,
22961,
22963,
22969 + 30030,
22973,
22987 + 30030,
22991 + 3 * 30030,
22993,
22999 + 2 * 30030,
23003,
23011,
23017,
23021,
23027,
23029,
23033 + 2 * 30030,
23039,
23041,
23047 + 30030,
23053,
23057,
23059,
23063,
23069 + 3 * 30030,
23071,
23077 + 2 * 30030,
23081,
23083 + 30030,
23087,
23099,
23113 + 5 * 30030,
23117,
23119 + 30030,
23123 + 3 * 30030,
23129 + 4 * 30030,
23131,
23137 + 3 * 30030,
23141 + 30030,
23143,
23147 + 2 * 30030,
23159,
23161 + 2 * 30030,
23167,
23171 + 30030,
23173,
23183 + 2 * 30030,
23189,
23197,
23201,
23203,
23207 + 2 * 30030,
23209,
23213 + 2 * 30030,
23227,
23237 + 30030,
23239 + 30030,
23249 + 30030,
23251,
23263 + 8 * 30030,
23267 + 3 * 30030,
23269,
23273 + 3 * 30030,
23279,
23281 + 2 * 30030,
23291,
23293,
23297,
23299 + 4 * 30030,
23311,
23321,
23323 + 30030,
23327,
23329 + 30030,
23333,
23339,
23341 + 2 * 30030,
23347 + 30030,
23351 + 30030,
23357,
23363 + 2 * 30030,
23369,
23371,
23377 + 30030,
23381 + 30030,
23383 + 2 * 30030,
23389 + 30030,
23393 + 4 * 30030,
23399,
23407 + 30030,
23411 + 30030,
23417,
23423 + 30030,
23431,
23437 + 2 * 30030,
23447,
23449 + 30030,
23453 + 4 * 30030,
23459,
23461 + 6 * 30030,
23467 + 3 * 30030,
23473,
23477 + 30030,
23479 + 5 * 30030,
23483 + 6 * 30030,
23489 + 4 * 30030,
23497,
23501 + 2 * 30030,
23503 + 2 * 30030,
23509,
23519 + 30030,
23521 + 30030,
23531,
23533 + 3 * 30030,
23537,
23539,
23549,
23557,
23561,
23563,
23567,
23579 + 30030,
23581,
23587 + 30030,
23591 + 4 * 30030,
23593,
23599,
23603,
23609,
23623,
23627,
23629,
23633,
23641 + 2 * 30030,
23651 + 30030,
23657 + 2 * 30030,
23659 + 2 * 30030,
23663,
23669,
23671,
23677,
23687,
23689,
23693 + 3 * 30030,
23701 + 30030,
23707 + 3 * 30030,
23711 + 4 * 30030,
23713 + 2 * 30030,
23717 + 2 * 30030,
23719,
23729 + 30030,
23731 + 2 * 30030,
23741,
23743,
23747,
23753,
23759 + 4 * 30030,
23761,
23767,
23773,
23783 + 30030,
23789,
23791 + 6 * 30030,
23797 + 2 * 30030,
23801,
23809 + 2 * 30030,
23813,
23819,
23827,
23831,
23833,
23839 + 6 * 30030,
23843 + 2 * 30030,
23851 + 30030,
23857,
23861 + 30030,
23867 + 30030,
23869,
23873,
23879,
23887,
23893,
23897 + 30030,
23899,
23909,
23911,
23917,
23921 + 30030,
23923 + 2 * 30030,
23927 + 2 * 30030,
23929,
23939 + 7 * 30030,
23941 + 3 * 30030,
23951 + 2 * 30030,
23953 + 3 * 30030,
23957,
23963 + 30030,
23971,
23977,
23981,
23983 + 30030,
23987 + 2 * 30030,
23993,
23999 + 2 * 30030,
24001,
24007,
24019,
24023,
24029,
24041 + 4 * 30030,
24043,
24047 + 4 * 30030,
24049,
24053 + 30030,
24061,
24067 + 2 * 30030,
24071,
24077,
24083,
24091,
24097,
24103,
24107,
24109,
24113,
24119 + 2 * 30030,
24121,
24127 + 3 * 30030,
24131 + 2 * 30030,
24133,
24137,
24139 + 2 * 30030,
24149 + 5 * 30030,
24151,
24161 + 2 * 30030,
24163 + 30030,
24169,
24173 + 6 * 30030,
24179,
24181,
24187 + 30030,
24191 + 3 * 30030,
24197,
24203,
24209 + 3 * 30030,
24217 + 5 * 30030,
24221 + 30030,
24223,
24229,
24239,
24247,
24251,
24253 + 2 * 30030,
24257 + 30030,
24259 + 2 * 30030,
24263 + 30030,
24281,
24287 + 2 * 30030,
24289 + 30030,
24293 + 30030,
24301 + 30030,
24307 + 4 * 30030,
24313 + 8 * 30030,
24317,
24319 + 4 * 30030,
24329,
24331 + 30030,
24337,
24341 + 30030,
24347 + 30030,
24359,
24361 + 2 * 30030,
24371,
24373,
24377 + 2 * 30030,
24379,
24383 + 30030,
24389 + 30030,
24391,
24397 + 2 * 30030,
24403 + 2 * 30030,
24407,
24413,
24419,
24421,
24433 + 5 * 30030,
24439,
24443,
24449 + 2 * 30030,
24457 + 3 * 30030,
24461 + 2 * 30030,
24463 + 30030,
24467 + 30030,
24469,
24473,
24481,
24487 + 30030,
24491 + 30030,
24499,
24503 + 3 * 30030,
24509,
24511 + 30030,
24517,
24523 + 3 * 30030,
24527,
24529 + 30030,
24533,
24539 + 4 * 30030,
24547,
24551,
24553 + 30030,
24559 + 3 * 30030,
24569 + 2 * 30030,
24571,
24581 + 3 * 30030,
24587 + 30030,
24589 + 2 * 30030,
24593,
24599 + 30030,
24601 + 30030,
24611,
24613 + 2 * 30030,
24617 + 30030,
24623,
24631,
24637 + 30030,
24641 + 2 * 30030,
24643 + 30030,
24649 + 30030,
24653 + 2 * 30030,
24659,
24667 + 3 * 30030,
24671,
24677,
24679 + 30030,
24683,
24691,
24697,
24701 + 2 * 30030,
24707 + 3 * 30030,
24709,
24719 + 3 * 30030,
24721 + 30030,
24727 + 2 * 30030,
24733,
24737 + 30030,
24743 + 30030,
24749,
24751 + 2 * 30030,
24757 + 30030,
24763,
24767,
24769 + 30030,
24779 + 4 * 30030,
24781,
24793,
24797 + 2 * 30030,
24799,
24803 + 30030,
24809,
24811 + 2 * 30030,
24821,
24823 + 3 * 30030,
24833 + 7 * 30030,
24839 + 30030,
24841,
24847,
24851,
24853 + 2 * 30030,
24859,
24863 + 4 * 30030,
24877,
24881 + 7 * 30030,
24883 + 3 * 30030,
24887 + 30030,
24889,
24901 + 2 * 30030,
24907,
24911 + 30030,
24917,
24919,
24923,
24929 + 30030,
24931 + 2 * 30030,
24943,
24949 + 30030,
24953,
24961 + 2 * 30030,
24967,
24971,
24977,
24979,
24989,
24991 + 30030,
25001 + 2 * 30030,
25007 + 6 * 30030,
25009 + 3 * 30030,
25013,
25019 + 30030,
25021 + 30030,
25027 + 30030,
25031,
25033,
25037,
25043 + 30030,
25049 + 30030,
25057,
25061 + 2 * 30030,
25063 + 3 * 30030,
25073,
25079 + 30030,
25087,
25093 + 3 * 30030,
25097,
25099 + 2 * 30030,
25111,
25117,
25121,
25127,
25133 + 30030,
25139 + 2 * 30030,
25141 + 30030,
25147,
25153,
25159 + 3 * 30030,
25163,
25169,
25171,
25177 + 30030,
25183,
25187 + 30030,
25189,
25199 + 30030,
25211 + 3 * 30030,
25213 + 30030,
25217 + 6 * 30030,
25219,
25229,
25231 + 3 * 30030,
25237,
25241 + 3 * 30030,
25243,
25247,
25253,
25261,
25271 + 2 * 30030,
25273 + 2 * 30030,
25279 + 4 * 30030,
25283 + 30030,
25297 + 4 * 30030,
25301,
25303,
25307,
25309,
25313 + 30030,
25321,
25327 + 6 * 30030,
25331 + 3 * 30030,
25339,
25343,
25349,
25351 + 30030,
25357,
25367,
25369 + 30030,
25373,
25379 + 2 * 30030,
25381 + 30030,
25387 + 2 * 30030,
25391,
25393 + 2 * 30030,
25397 + 4 * 30030,
25409,
25411,
25423,
25427 + 30030,
25429 + 4 * 30030,
25433 + 3 * 30030,
25439,
25447,
25451 + 5 * 30030,
25453,
25457,
25463,
25469,
25471,
25477 + 6 * 30030,
25481 + 30030,
25483 + 4 * 30030,
25489 + 2 * 30030,
25499 + 30030,
25507 + 3 * 30030,
25511 + 30030,
25513 + 3 * 30030,
25517 + 30030,
25523,
25537,
25541,
25547 + 2 * 30030,
25549 + 30030,
25559 + 30030,
25561,
25567 + 2 * 30030,
25573 + 30030,
25577,
25579,
25583,
25589,
25591 + 30030,
25601,
25603,
25607 + 2 * 30030,
25609,
25621,
25631 + 30030,
25633,
25637 + 30030,
25639,
25643,
25651 + 30030,
25657,
25661 + 30030,
25667,
25673,
25679,
25681 + 30030,
25687 + 30030,
25691 + 30030,
25693,
25699 + 4 * 30030,
25703,
25709 + 4 * 30030,
25717,
25721 + 2 * 30030,
25723 + 5 * 30030,
25733,
25741,
25747,
25757 + 30030,
25759,
25763,
25769 + 30030,
25771,
25777 + 30030,
25783 + 30030,
25787 + 30030,
25789 + 30030,
25793,
25799,
25801,
25807 + 30030,
25811 + 3 * 30030,
25813 + 30030,
25819,
25829 + 2 * 30030,
25841,
25843 + 2 * 30030,
25847,
25849,
25853 + 6 * 30030,
25859 + 30030,
25867,
25871 + 30030,
25873,
25877 + 7 * 30030,
25889,
25891 + 30030,
25897 + 30030,
25901 + 30030,
25903,
25913,
25919,
25931,
25933,
25937 + 30030,
25939,
25943,
25951,
25957 + 30030,
25967 + 30030,
25969,
25973 + 30030,
25979 + 30030,
25981,
25997,
25999,
26003,
26009 + 30030,
26011 + 30030,
26017,
26021,
26023 + 30030,
26027 + 13 * 30030,
26029,
26041,
26051 + 30030,
26053,
26057 + 30030,
26063 + 30030,
26069 + 30030,
26071 + 30030,
26077 + 2 * 30030,
26083,
26087 + 3 * 30030,
26093 + 30030,
26099,
26101 + 30030,
26107,
26111,
26113,
26119,
26123 + 2 * 30030,
26129 + 4 * 30030,
26137 + 30030,
26141,
26149 + 30030,
26153,
26161,
26167 + 30030,
26171,
26177,
26179 + 30030,
26183,
26189,
26197 + 2 * 30030,
26203,
26207 + 30030,
26209,
26219 + 30030,
26227,
26231 + 2 * 30030,
26233 + 30030,
26237,
26239 + 30030,
26249,
26251,
26261,
26263,
26267,
26269 + 30030,
26281 + 30030,
26287 + 4 * 30030,
26291 + 2 * 30030,
26293,
26297,
26303 + 30030,
26309,
26311 + 2 * 30030,
26317,
26321,
26329 + 30030,
26333 + 3 * 30030,
26339,
26347,
26353 + 30030,
26357,
26359 + 5 * 30030,
26363 + 30030,
26371,
26381 + 2 * 30030,
26387,
26393,
26399,
26401 + 30030,
26407,
26413 + 30030,
26417,
26419 + 4 * 30030,
26423,
26431,
26437,
26441 + 2 * 30030,
26443 + 30030,
26447 + 30030,
26449,
26459,
26461 + 4 * 30030,
26471 + 30030,
26473 + 30030,
26479,
26483 + 4 * 30030,
26489,
26491 + 5 * 30030,
26497,
26501,
26503 + 30030,
26513,
26519 + 2 * 30030,
26527 + 2 * 30030,
26531 + 9 * 30030,
26539,
26549 + 3 * 30030,
26557,
26561,
26563 + 4 * 30030,
26567 + 30030,
26569 + 30030,
26573,
26581 + 30030,
26591,
26597,
26599 + 30030,
26603 + 30030,
26617 + 2 * 30030,
26623 + 4 * 30030,
26627,
26629 + 30030,
26633,
26639 + 5 * 30030,
26641,
26647,
26651 + 30030,
26657 + 30030,
26659 + 2 * 30030,
26669,
26671 + 30030,
26681,
26683,
26687,
26693,
26699,
26701,
26707 + 30030,
26711,
26713,
26717,
26723,
26729,
26731,
26737,
26743 + 30030,
26749 + 30030,
26753 + 30030,
26759,
26771 + 4 * 30030,
26773 + 4 * 30030,
26777,
26779 + 30030,
26783,
26791 + 30030,
26797 + 30030,
26801,
26809 + 2 * 30030,
26813,
26821,
26827 + 30030,
26833,
26837 + 3 * 30030,
26839,
26843 + 30030,
26849,
26857 + 4 * 30030,
26861,
26863,
26867 + 30030,
26869 + 2 * 30030,
26879,
26881,
26891,
26893,
26899 + 30030,
26903,
26909 + 2 * 30030,
26911 + 30030,
26921,
26927,
26933 + 30030,
26941 + 5 * 30030,
26947,
26951,
26953,
26959,
26963 + 30030,
26969 + 30030,
26977 + 2 * 30030,
26981,
26987,
26989 + 2 * 30030,
26993,
27007 + 30030,
27011,
27017,
27019 + 3 * 30030,
27023 + 2 * 30030,
27029 + 30030,
27031,
27037 + 3 * 30030,
27043,
27047 + 30030,
27059,
27061,
27067,
27073,
27077,
27089 + 30030,
27091,
27101 + 30030,
27103,
27107,
27109,
27113 + 30030,
27119 + 30030,
27121 + 2 * 30030,
27127,
27133 + 30030,
27143,
27149 + 30030,
27151 + 2 * 30030,
27161 + 30030,
27163 + 30030,
27169 + 3 * 30030,
27173 + 30030,
27179,
27187 + 5 * 30030,
27191,
27193 + 30030,
27197,
27199 + 4 * 30030,
27211,
27217 + 2 * 30030,
27221 + 30030,
27227 + 4 * 30030,
27229 + 30030,
27233 + 2 * 30030,
27239,
27241,
27253,
27257 + 30030,
27259,
27263 + 2 * 30030,
27271,
27277,
27281,
27283,
27289 + 4 * 30030,
27299,
27301 + 30030,
27311 + 6 * 30030,
27317 + 30030,
27319 + 30030,
27323 + 2 * 30030,
27329,
27331 + 4 * 30030,
27337,
27341 + 3 * 30030,
27343 + 30030,
27347 + 2 * 30030,
27353 + 30030,
27359 + 30030,
27361,
27367,
27371 + 6 * 30030,
27373 + 2 * 30030,
27383 + 30030,
27389 + 5 * 30030,
27397,
27403 + 5 * 30030,
27407,
27409,
27413 + 2 * 30030,
27421 + 2 * 30030,
27427,
27431,
27437,
27439 + 3 * 30030,
27449,
27451 + 2 * 30030,
27457,
27463 + 30030,
27473 + 30030,
27479,
27481,
27487,
27491 + 6 * 30030,
27493 + 2 * 30030,
27497 + 30030,
27499 + 30030,
27509,
27523 + 2 * 30030,
27527,
27529,
27539,
27541,
27551,
27553 + 2 * 30030,
27557 + 30030,
27563 + 30030,
27569 + 2 * 30030,
27571 + 30030,
27581,
27583,
27589 + 2 * 30030,
27593 + 5 * 30030,
27607 + 30030,
27611,
27613 + 3 * 30030,
27617,
27619 + 30030,
27623 + 30030,
27631,
27637 + 30030,
27641 + 2 * 30030,
27647,
27649 + 30030,
27653,
27659 + 30030,
27661 + 2 * 30030,
27667 + 30030,
27673,
27679 + 30030,
27683 + 30030,
27689,
27691,
27697,
27701,
27707 + 30030,
27719 + 3 * 30030,
27721 + 30030,
27733,
27737,
27739,
27743,
27749,
27751,
27757 + 30030,
27761 + 30030,
27763,
27767,
27773,
27779,
27787 + 3 * 30030,
27791,
27793,
27799,
27803,
27809,
27817,
27821 + 2 * 30030,
27823,
27827,
27829 + 30030,
27847,
27851,
27857 + 2 * 30030,
27869 + 30030,
27871 + 30030,
27877 + 4 * 30030,
27883,
27887 + 30030,
27889 + 3 * 30030,
27893,
27899 + 2 * 30030,
27901,
27913 + 30030,
27917,
27919,
27931 + 2 * 30030,
27941,
27943,
27947,
27949 + 6 * 30030,
27953,
27959 + 2 * 30030,
27961,
27967,
27971 + 3 * 30030,
27977 + 2 * 30030,
27983,
27991 + 3 * 30030,
27997,
28001,
28003 + 3 * 30030,
28009 + 2 * 30030,
28013 + 30030,
28019,
28027,
28031,
28033 + 2 * 30030,
28037 + 30030,
28043 + 30030,
28051,
28057,
28069,
28073 + 3 * 30030,
28079 + 30030,
28081,
28087,
28097,
28099,
28103 + 6 * 30030,
28109,
28111,
28117 + 30030,
28121 + 30030,
28123,
28129 + 3 * 30030,
28139 + 30030,
28141 + 30030,
28151,
28153 + 6 * 30030,
28157 + 3 * 30030,
28159 + 30030,
28163,
28169 + 30030,
28177 + 30030,
28181,
28183,
28187 + 30030,
28199 + 30030,
28201,
28207 + 30030,
28211,
28213 + 30030,
28219,
28229,
28241 + 30030,
28243 + 5 * 30030,
28247 + 4 * 30030,
28253 + 3 * 30030,
28261 + 2 * 30030,
28267 + 2 * 30030,
28271 + 3 * 30030,
28277,
28279,
28283,
28289,
28291 + 30030,
28297,
28307,
28309,
28313 + 6 * 30030,
28319,
28321 + 3 * 30030,
28331 + 5 * 30030,
28333 + 30030,
28337 + 30030,
28339 + 30030,
28349,
28351,
28361 + 30030,
28363 + 30030,
28367 + 2 * 30030,
28373 + 30030,
28381 + 30030,
28387,
28393,
28397 + 30030,
28403,
28409,
28411,
28417 + 4 * 30030,
28421 + 30030,
28423 + 30030,
28429,
28433,
28439,
28447,
28451 + 30030,
28453 + 2 * 30030,
28459 + 3 * 30030,
28463,
28471 + 5 * 30030,
28477,
28481 + 30030,
28487 + 2 * 30030,
28489 + 4 * 30030,
28493,
28499,
28507 + 30030,
28513,
28517,
28519 + 30030,
28529 + 2 * 30030,
28531 + 2 * 30030,
28537,
28541,
28543 + 30030,
28547,
28549,
28559,
28571,
28573,
28577 + 8 * 30030,
28579,
28583 + 30030,
28591,
28597,
28601 + 30030,
28603,
28607,
28619,
28621,
28627,
28631,
28643,
28649,
28657,
28661,
28663,
28667 + 3 * 30030,
28669,
28673 + 4 * 30030,
28681 + 30030,
28687,
28697,
28703,
28709 + 3 * 30030,
28711,
28723,
28727 + 30030,
28729,
28733 + 30030,
28739 + 2 * 30030,
28741 + 30030,
28747 + 2 * 30030,
28751,
28753,
28757 + 30030,
28759,
28771,
28781 + 5 * 30030,
28783 + 2 * 30030,
28789,
28793,
28799 + 8 * 30030,
28801 + 30030,
28807,
28811 + 3 * 30030,
28813,
28817,
28823 + 2 * 30030,
28829 + 4 * 30030,
28837,
28841 + 3 * 30030,
28843,
28849 + 6 * 30030,
28859,
28867,
28871,
28877 + 30030,
28879,
28883 + 30030,
28891 + 30030,
28901,
28907 + 30030,
28909,
28913 + 30030,
28921,
28927,
28933,
28937 + 30030,
28939 + 4 * 30030,
28943 + 2 * 30030,
28949,
28957 + 2 * 30030,
28961,
28967 + 30030,
28969 + 5 * 30030,
28979,
28981 + 30030,
28991 + 30030,
28993 + 30030,
28997 + 2 * 30030,
28999 + 30030,
29009,
29011 + 2 * 30030,
29017,
29021,
29023,
29027,
29033,
29039 + 30030,
29041 + 2 * 30030,
29047 + 30030,
29053 + 30030,
29059,
29063,
29069 + 3 * 30030,
29077,
29083 + 30030,
29087 + 6 * 30030,
29089 + 30030,
29093 + 30030,
29101,
29111 + 30030,
29119 + 30030,
29123,
29129,
29131,
29137,
29143 + 2 * 30030,
29147,
29149 + 2 * 30030,
29153,
29167,
29171 + 2 * 30030,
29173,
29177 + 30030,
29179,
29189 + 30030,
29191,
29201,
29203 + 30030,
29207,
29209,
29213 + 30030,
29219 + 5 * 30030,
29221,
29231,
29233 + 30030,
29243,
29251,
29257 + 2 * 30030,
29261 + 4 * 30030,
29269,
29273 + 3 * 30030,
29279 + 4 * 30030,
29287,
29291 + 4 * 30030,
29297,
29299 + 3 * 30030,
29303,
29311,
29317 + 6 * 30030,
29321 + 30030,
29327,
29329 + 30030,
29333,
29339,
29347,
29353 + 2 * 30030,
29357 + 30030,
29363,
29369 + 30030,
29371 + 2 * 30030,
29377 + 30030,
29383,
29387,
29389,
29399,
29401,
29411,
29413 + 30030,
29417 + 30030,
29423,
29429,
29431 + 2 * 30030,
29437,
29441 + 30030,
29443,
29453,
29459 + 2 * 30030,
29461 + 2 * 30030,
29467 + 30030,
29473,
29479 + 30030,
29483,
29489 + 6 * 30030,
29501,
29503 + 2 * 30030,
29507 + 2 * 30030,
29509 + 30030,
29521 + 3 * 30030,
29527,
29531,
29537,
29539 + 2 * 30030,
29543 + 2 * 30030,
29551 + 30030,
29563 + 3 * 30030,
29567,
29569,
29573,
29581,
29587,
29591 + 30030,
29593 + 2 * 30030,
29597 + 30030,
29599,
29609 + 2 * 30030,
29611,
29621 + 30030,
29629,
29633,
29639 + 30030,
29641,
29647 + 3 * 30030,
29651 + 4 * 30030,
29657 + 3 * 30030,
29663,
29669,
29671,
29677 + 30030,
29681 + 3 * 30030,
29683,
29693 + 30030,
29699 + 30030,
29707 + 2 * 30030,
29713 + 30030,
29717,
29719 + 2 * 30030,
29723,
29737 + 2 * 30030,
29741,
29747 + 4 * 30030,
29749 + 30030,
29753,
29759,
29761,
29767 + 30030,
29773 + 2 * 30030,
29779 + 30030,
29789,
29791 + 3 * 30030,
29797 + 5 * 30030,
29801 + 3 * 30030,
29803,
29807 + 2 * 30030,
29819,
29831 + 2 * 30030,
29833,
29837,
29839 + 2 * 30030,
29849 + 30030,
29851,
29857 + 30030,
29863,
29867,
29873,
29879,
29881,
29891 + 30030,
29893 + 3 * 30030,
29899 + 30030,
29903 + 2 * 30030,
29917,
29921,
29923 + 2 * 30030,
29927,
29929 + 2 * 30030,
29933 + 4 * 30030,
29941 + 30030,
29947,
29951 + 30030,
29957 + 2 * 30030,
29959,
29963 + 2 * 30030,
29969 + 30030,
29971 + 2 * 30030,
29977 + 3 * 30030,
29983,
29987 + 30030,
29989,
29993 + 2 * 30030,
29999 + 30030,
30001 + 3 * 30030,
30007 + 30030,
30011,
30013,
30029